,crypto,url,date,id,username,content,text_length,content_processed,polarity,subjectivity,label,text_processed_length,tweet_num,score,magnitude,google_language,google_entities,google_categories
0,bitcoin,https://twitter.com/business/status/685269743851466752,2016-01-08 01:20:13+00:00,685269743851466752,business,Bitcoin mining is looking a bit more attractive again https://t.co/RKZtjRdvQe https://t.co/4k8LJekXxh,101,bitcoin mining looking bit attractive  ,0.8,1.0,5,39,129,0.5,0.5,en,"OTHER,NUMBER",
1,bitcoin,https://twitter.com/business/status/685449769381163008,2016-01-08 13:15:34+00:00,685449769381163008,business,Bitcoin mining is looking a bit more attractive again https://t.co/RKZtjRdvQe https://t.co/HVnLo6YVIt,101,bitcoin mining looking bit attractive  ,0.8,1.0,5,39,128,0.5,0.5,en,OTHER,
2,bitcoin,https://twitter.com/WSJ/status/688775047834677248,2016-01-17 17:29:02+00:00,688775047834677248,WSJ,Is Bitcoin breaking up? https://t.co/685aERcxvZ https://t.co/EhjhNks10n,71,bitcoin breaking  ,0.0,0.0,3,18,39,0.0,0.5,en,"OTHER,NUMBER",
3,bitcoin,https://twitter.com/WSJ/status/689004307597930498,2016-01-18 08:40:02+00:00,689004307597930498,WSJ,"Is bitcoin breaking up?    
https://t.co/rm5LkI1U1d",51,bitcoin breaking     ,0.0,0.0,3,21,38,0.10000000149011612,0.5,en,"OTHER,PRICE",
4,bitcoin,https://twitter.com/WSJ/status/689038173494767617,2016-01-18 10:54:36+00:00,689038173494767617,WSJ,Why a prominent developer has labeled the Bitcoin currency a failed experiment https://t.co/vhWvp9cnJz,102,prominent developer labeled bitcoin currency failed experiment ,0.0,0.65,3,63,37,-0.800000011920929,0.800000011920929,en,"OTHER,PERSON",
5,bitcoin,https://twitter.com/FT/status/689118576737972228,2016-01-18 16:14:06+00:00,689118576737972228,FT,"In Monday's #techFT - TV sans frontiÃ¨res, bitcoin has 'failed', Goat Bikes. Sign up at https://t.co/YxbLH8o3Dd https://t.co/tbpMjWGvbS",134,mondays   tv sans frontires bitcoin failed goat bikes sign  ,-0.5,0.3,1,60,197,-0.20000000298023224,0.5,en,"OTHER,CONSUMER_GOOD",
6,bitcoin,https://twitter.com/WSJ/status/689212184770015233,2016-01-18 22:26:04+00:00,689212184770015233,WSJ,Why a prominent developer has labeled the Bitcoin currency a failed experiment https://t.co/I7vEB63Kbt,102,prominent developer labeled bitcoin currency failed experiment ,0.0,0.65,3,63,36,-0.800000011920929,0.800000011920929,en,"OTHER,PERSON,PRICE",
7,bitcoin,https://twitter.com/business/status/690104950232317953,2016-01-21 09:33:36+00:00,690104950232317953,business,The next Bitcoin? China's central bank considers issuing its own digital currency https://t.co/VlNq0yjx4d https://t.co/rCgM9xbUac,129,next bitcoin chinas central bank considers issuing digital currency  ,0.0,0.08333333333333333,3,69,127,0.0,0.10000000149011612,en,"OTHER,LOCATION,ORGANIZATION",
8,bitcoin,https://twitter.com/business/status/690330736012976128,2016-01-22 00:30:47+00:00,690330736012976128,business,The next Bitcoin? China's central bank considers issuing its own digital currency https://t.co/VlNq0yjx4d https://t.co/rlhszWefHM,129,next bitcoin chinas central bank considers issuing digital currency  ,0.0,0.08333333333333333,3,69,126,0.0,0.10000000149011612,en,"OTHER,LOCATION,ORGANIZATION",
9,bitcoin,https://twitter.com/business/status/697453782909771777,2016-02-10 16:15:14+00:00,697453782909771777,business,A core bitcoin developer is offering coder-for-hire services specializing in the blockchain https://t.co/nWzRaL5KN0 https://t.co/Uyay33Pvm7,139,core bitcoin developer offering coderforhire services specializing blockchain  ,0.0,0.0,3,79,125,0.0,0.0,en,"OTHER,ORGANIZATION",
10,bitcoin,https://twitter.com/FT/status/697569997044973573,2016-02-10 23:57:02+00:00,697569997044973573,FT,"'If there's no cash, criminals will simply switch over to Bitcoin.' - Join our debate on scrapping cash https://t.co/aCebm2HYxn",127,theres cash criminals simply switch bitcoin  join debate scrapping cash ,0.0,0.35714285714285715,3,72,196,-0.5,1.100000023841858,en,"OTHER,PERSON",
11,bitcoin,https://twitter.com/WSJ/status/697590642474618882,2016-02-11 01:19:04+00:00,697590642474618882,WSJ,Marketing defense: PayPal blocks a bitcoin-inspired parody of its Super Bowl 50 ad https://t.co/NBKOqSTXPt,106,marketing defense paypal blocks bitcoininspired parody super bowl  ad ,0.3333333333333333,0.6666666666666666,4,70,35,0.10000000149011612,0.10000000149011612,en,"OTHER,NUMBER,EVENT,WORK_OF_ART,ORGANIZATION",
12,bitcoin,https://twitter.com/business/status/697619890778324992,2016-02-11 03:15:17+00:00,697619890778324992,business,A core bitcoin developer is offering coder-for-hire services specializing in the blockchain https://t.co/nWzRaL5KN0 https://t.co/iiXuSNx0zg,139,core bitcoin developer offering coderforhire services specializing blockchain  ,0.0,0.0,3,79,124,0.0,0.0,en,"OTHER,ORGANIZATION",
13,bitcoin,https://twitter.com/FT/status/697813916936704002,2016-02-11 16:06:17+00:00,697813916936704002,FT,Bitcoin threatened by software schism https://t.co/qJLW11dihZ,61,bitcoin threatened software schism ,0.0,0.0,3,35,195,-0.699999988079071,0.699999988079071,en,OTHER,
14,bitcoin,https://twitter.com/FT/status/697836752657055744,2016-02-11 17:37:01+00:00,697836752657055744,FT,A schism among software developers that threatens the future of bitcoin has broken into the open https://t.co/7vit6Xbjp9,120,schism among software developers threatens future bitcoin broken open ,-0.13333333333333333,0.3416666666666666,2,70,194,-0.800000011920929,0.800000011920929,en,"OTHER,PERSON,NUMBER",
15,bitcoin,https://twitter.com/FT/status/697854376518537216,2016-02-11 18:47:03+00:00,697854376518537216,FT,Is bitcoin at risk of hitting a wall? https://t.co/0Z4072joVx https://t.co/URZJlmGQBa,85,bitcoin risk hitting wall  ,0.0,0.0,3,27,193,0.0,0.5,en,"OTHER,NUMBER",
16,bitcoin,https://twitter.com/FT/status/698168704153034752,2016-02-12 15:36:05+00:00,698168704153034752,FT,"Bitcoin forks out, Indy closes, India Facebook fears. In Friday's #techFT- sign up at https://t.co/YxbLH8o3Dd https://t.co/VBasRHpnhi",133,bitcoin forks indy closes india facebook fears fridays  sign  ,0.0,0.0,3,62,192,-0.30000001192092896,0.699999988079071,en,"OTHER,LOCATION,ORGANIZATION",/Finance/Investing/Currencies & Foreign Exchange
17,bitcoin,https://twitter.com/business/status/698922529717686272,2016-02-14 17:31:31+00:00,698922529717686272,business,A core bitcoin developer is offering coder-for-hire services specializing in the blockchain https://t.co/nWzRaL5KN0 https://t.co/azLGD6ts1M,139,core bitcoin developer offering coderforhire services specializing blockchain  ,0.0,0.0,3,79,123,0.0,0.0,en,"OTHER,ORGANIZATION",
18,bitcoin,https://twitter.com/WSJ/status/699467783524974592,2016-02-16 05:38:09+00:00,699467783524974592,WSJ,"IBM plans to test its own version of software underpinning the Bitcoin digital currency
https://t.co/Wgupc4JcEn https://t.co/mFIc9kBYTz",135,ibm plans test version software underpinning bitcoin digital currency  ,0.0,0.0,3,71,34,0.0,0.0,en,"OTHER,WORK_OF_ART,CONSUMER_GOOD,ORGANIZATION",
19,bitcoin,https://twitter.com/WSJ/status/699543751526580224,2016-02-16 10:40:01+00:00,699543751526580224,WSJ,IBM plans to test its own version of software underpinning the Bitcoin digital currency https://t.co/DhvPrRBRse,111,ibm plans test version software underpinning bitcoin digital currency ,0.0,0.0,3,70,33,0.0,0.0,en,"OTHER,WORK_OF_ART,CONSUMER_GOOD,ORGANIZATION",
20,bitcoin,https://twitter.com/business/status/701428995083083776,2016-02-21 15:31:19+00:00,701428995083083776,business,A core bitcoin developer is offering coder-for-hire services specializing in the blockchain https://t.co/nWzRaL5KN0 https://t.co/JBvdJyNrzi,139,core bitcoin developer offering coderforhire services specializing blockchain  ,0.0,0.0,3,79,122,0.0,0.0,en,"OTHER,ORGANIZATION",
21,bitcoin,https://twitter.com/FT/status/707721387608301568,2016-03-10 00:15:02+00:00,707721387608301568,FT,Bitcoin's magic is wearing off https://t.co/yxz7WbBSZK https://t.co/7oWC7kOUgs,78,bitcoins magic wearing  ,0.5,1.0,5,24,191,0.0,0.0,en,"OTHER,NUMBER",
22,bitcoin,https://twitter.com/nytimes/status/714455531121934336,2016-03-28 14:14:07+00:00,714455531121934336,nytimes,"Bitcoin has struggled, but a rival virtual currency called Ethereum has climbed 1,000% over the past 3 three months https://t.co/TUZYMCAdxg",139,bitcoin struggled rival virtual currency called ethereum climbed  past  three months ,-0.25,0.25,2,85,145,0.0,0.0,en,"OTHER,NUMBER",/Finance/Investing/Currencies & Foreign Exchange
23,bitcoin,https://twitter.com/nytimes/status/714706389478801409,2016-03-29 06:50:56+00:00,714706389478801409,nytimes,"Bitcoin has struggled, but a rival virtual currency called Ethereum has climbed 1,000% over the past 3 three months https://t.co/HCwmh9ylgt",139,bitcoin struggled rival virtual currency called ethereum climbed  past  three months ,-0.25,0.25,2,85,144,0.0,0.0,en,"OTHER,NUMBER",/Finance/Investing/Currencies & Foreign Exchange
24,bitcoin,https://twitter.com/WSJ/status/714824944828461057,2016-03-29 14:42:02+00:00,714824944828461057,WSJ,Bitcoin technologyâ€™s next big test: Trillion-dollar repo market https://t.co/rjskFFtEx3 ðŸ”“,89,bitcoin technologys next big test trilliondollar repo market  ,0.0,0.05,3,62,32,0.0,0.0,en,OTHER,
25,bitcoin,https://twitter.com/FT/status/715950627017396225,2016-04-01 17:15:05+00:00,715950627017396225,FT,Why Bitcoin users are getting ready for a big reveal https://t.co/ZCKiI9aC0H https://t.co/sAf6OjO6v0,100,bitcoin users getting ready big reveal  ,0.1,0.3,4,40,190,-0.699999988079071,0.699999988079071,en,"OTHER,PERSON",
26,bitcoin,https://twitter.com/FT/status/716031148497977345,2016-04-01 22:35:03+00:00,716031148497977345,FT,Why Bitcoin users are getting ready for a big reveal https://t.co/Iv00SiqxZ4 https://t.co/VwSbyXvr55,100,bitcoin users getting ready big reveal  ,0.1,0.3,4,40,189,-0.699999988079071,0.699999988079071,en,"OTHER,PERSON",
27,bitcoin,https://twitter.com/nytimes/status/717642021700300801,2016-04-06 09:16:05+00:00,717642021700300801,nytimes,"Britain's top financial regulator has granted an electronic money license to Circle, a company that uses Bitcoin https://t.co/VyKyhjlBYm",136,britains top financial regulator granted electronic money license circle company uses bitcoin ,0.25,0.25,4,94,143,-0.20000000298023224,0.20000000298023224,en,"OTHER,LOCATION,ORGANIZATION","/Finance/Investing,/Business & Industrial"
28,bitcoin,https://twitter.com/FT/status/717649535552634880,2016-04-06 09:45:57+00:00,717649535552634880,FT,Barclays partners with bitcoin payments app https://t.co/0lI9cxNuDL,67,barclays partners bitcoin payments app ,0.0,0.0,3,39,188,0.0,0.0,en,"OTHER,CONSUMER_GOOD,NUMBER,ORGANIZATION",
29,bitcoin,https://twitter.com/business/status/717715711263694848,2016-04-06 14:08:54+00:00,717715711263694848,business,Barclays and U.K. regulators embrace bitcoin in deal with startup https://t.co/43JrpdAtIV https://t.co/6BlNZXqA36,113,barclays uk regulators embrace bitcoin deal startup  ,0.0,0.0,3,53,121,0.0,0.0,en,"OTHER,PERSON,LOCATION,NUMBER,ORGANIZATION",
30,bitcoin,https://twitter.com/FT/status/717786465665728512,2016-04-06 18:50:03+00:00,717786465665728512,FT,Barclays is teaming with a Goldman-backed start-up to use bitcoin for payments https://t.co/9Q4AFGlhUK https://t.co/zw8ZpOLv5l,126,barclays teaming goldmanbacked startup use bitcoin payments  ,0.0,0.0,3,61,187,0.10000000149011612,0.10000000149011612,en,"OTHER,PERSON,NUMBER,ORGANIZATION",
31,bitcoin,https://twitter.com/FT/status/717855671358767108,2016-04-06 23:25:03+00:00,717855671358767108,FT,Barclays is teaming with a Goldman-backed start-up to use bitcoin for payments https://t.co/4yhWRaxNXk https://t.co/fQQG9nEVaZ,126,barclays teaming goldmanbacked startup use bitcoin payments  ,0.0,0.0,3,61,186,0.10000000149011612,0.10000000149011612,en,"OTHER,PERSON,NUMBER,ORGANIZATION",
32,bitcoin,https://twitter.com/business/status/717992508542873600,2016-04-07 08:28:48+00:00,717992508542873600,business,Barclays and British regulators are embracing bitcoin https://t.co/43JrpdAtIV https://t.co/8iEYU0fOJz,101,barclays british regulators embracing bitcoin  ,0.0,0.0,3,47,120,-0.20000000298023224,0.20000000298023224,en,"OTHER,LOCATION,NUMBER,ORGANIZATION",
33,bitcoin,https://twitter.com/WSJ/status/718033729701195776,2016-04-07 11:12:36+00:00,718033729701195776,WSJ,Bitcoinâ€™s blockchain technology proves itself in Wall Street test https://t.co/0KQhVdubFj,89,bitcoins blockchain technology proves wall street test ,0.3,0.0,4,55,31,0.0,0.0,en,"OTHER,NUMBER",
34,bitcoin,https://twitter.com/WSJ/status/718102046277296131,2016-04-07 15:44:04+00:00,718102046277296131,WSJ,Bitcoin's blockchain takes a big step toward mainstream at JPMorgan and Citi https://t.co/fjjJM4Osl0  ðŸ”“,103,bitcoins blockchain takes big step toward mainstream jpmorgan citi   ,0.0,0.1,3,69,30,0.0,0.0,en,"OTHER,LOCATION,ORGANIZATION",
35,bitcoin,https://twitter.com/WSJ/status/718205986197139456,2016-04-07 22:37:05+00:00,718205986197139456,WSJ,Bitcoin's blockchain takes a big step toward mainstream at J.P. Morgan and Citi https://t.co/uWGDsMTGf9 ðŸ”“,105,bitcoins blockchain takes big step toward mainstream jp morgan citi  ,0.0,0.1,3,69,29,0.10000000149011612,0.10000000149011612,en,"OTHER,LOCATION,ORGANIZATION",
36,bitcoin,https://twitter.com/WSJ/status/718262662405189632,2016-04-08 02:22:18+00:00,718262662405189632,WSJ,Bitcoin's blockchain takes a big step toward mainstream at J.P. Morgan and Citi https://t.co/w18DFHmQA8 ðŸ”“,105,bitcoins blockchain takes big step toward mainstream jp morgan citi  ,0.0,0.1,3,69,28,0.10000000149011612,0.10000000149011612,en,"OTHER,LOCATION,ORGANIZATION",
37,bitcoin,https://twitter.com/WSJ/status/718999923262414848,2016-04-10 03:11:54+00:00,718999923262414848,WSJ,Bitcoin's blockchain takes a big step toward mainstream at JPMorgan and Citi https://t.co/ewWJ9T4yHx  ðŸ”“,103,bitcoins blockchain takes big step toward mainstream jpmorgan citi   ,0.0,0.1,3,69,27,0.0,0.0,en,"OTHER,LOCATION,ORGANIZATION",
38,bitcoin,https://twitter.com/business/status/719069963672285184,2016-04-10 07:50:13+00:00,719069963672285184,business,Barclays embraces bitcoin https://t.co/43JrpdAtIV https://t.co/LtjIw5x27z,73,barclays embraces bitcoin  ,0.0,0.0,3,27,119,0.30000001192092896,0.30000001192092896,en,"OTHER,NUMBER,ORGANIZATION",
39,bitcoin,https://twitter.com/WSJ/status/719262447715098624,2016-04-10 20:35:05+00:00,719262447715098624,WSJ,Bitcoin's blockchain takes a big step toward mainstream at JPMorgan and Citi https://t.co/nTzMM0U0Ei ðŸ”“,102,bitcoins blockchain takes big step toward mainstream jpmorgan citi  ,0.0,0.1,3,68,26,0.0,0.0,en,"OTHER,LOCATION,ORGANIZATION",
40,bitcoin,https://twitter.com/WSJ/status/719351763187470336,2016-04-11 02:29:59+00:00,719351763187470336,WSJ,Bitcoin's blockchain takes a big step toward mainstream at JPMorgan and Citi https://t.co/ufTi4YQrsR ðŸ”“,102,bitcoins blockchain takes big step toward mainstream jpmorgan citi  ,0.0,0.1,3,68,25,0.0,0.0,en,"OTHER,LOCATION,ORGANIZATION",
41,bitcoin,https://twitter.com/WSJ/status/722467817040310272,2016-04-19 16:52:05+00:00,722467817040310272,WSJ,Is Bitcoin becoming more stable than gold? https://t.co/X7Az2ztwNr ðŸ”“,68,bitcoin becoming stable gold  ,0.45,0.8500000000000001,4,30,24,0.10000000149011612,0.30000001192092896,en,OTHER,
42,bitcoin,https://twitter.com/FT/status/727047798126948352,2016-05-02 08:11:17+00:00,727047798126948352,FT,Australian claims to be bitcoin creater https://t.co/pUIO1gzJ7Q,63,australian claims bitcoin creater ,0.0,0.0,3,34,185,-0.20000000298023224,0.20000000298023224,en,"OTHER,LOCATION",
43,bitcoin,https://twitter.com/FT/status/727062580158685184,2016-05-02 09:10:01+00:00,727062580158685184,FT,"Bitcoin creator found? Craig Steven Wright, an Australian entrepreneur, claims to be Satoshi Nakamoto https://t.co/ufSM5R9Y8j",125,bitcoin creator found craig steven wright australian entrepreneur claims satoshi nakamoto ,0.0,0.0,3,90,184,0.0,0.10000000149011612,en,"OTHER,PERSON,LOCATION",
44,bitcoin,https://twitter.com/nytimes/status/727064016267436032,2016-05-02 09:15:44+00:00,727064016267436032,nytimes,Australian Entrepreneur Says He Created Bitcoin https://t.co/shacphile5,71,australian entrepreneur says created bitcoin ,0.0,0.0,3,45,142,-0.10000000149011612,0.10000000149011612,en,"OTHER,PERSON",
45,bitcoin,https://twitter.com/nytimes/status/727064612596764673,2016-05-02 09:18:06+00:00,727064612596764673,nytimes,An Australian entrepreneur named Craig Steven Wright says he is the creator of Bitcoin https://t.co/SG0yu910Cb,110,australian entrepreneur named craig steven wright says creator bitcoin ,0.0,0.0,3,71,141,0.0,0.0,en,"OTHER,PERSON,LOCATION",
46,bitcoin,https://twitter.com/WSJ/status/727076268940865536,2016-05-02 10:04:25+00:00,727076268940865536,WSJ,Craig Wright claims he is bitcoin inventor â€˜Satoshi Nakamotoâ€™ https://t.co/MRwI09IOnq,85,craig wright claims bitcoin inventor satoshi nakamoto ,0.0,0.0,3,54,23,-0.4000000059604645,0.4000000059604645,en,PERSON,
47,bitcoin,https://twitter.com/business/status/727087766262157312,2016-05-02 10:50:06+00:00,727087766262157312,business,"Craig Steven Wright, an Australian entrepreneur, outs himself as the creator of bitcoin, the BBC reports https://t.co/PL6veQJ2dH",128,craig steven wright australian entrepreneur outs creator bitcoin bbc reports ,0.0,0.0,3,77,118,-0.10000000149011612,0.10000000149011612,en,"OTHER,PERSON,LOCATION,ORGANIZATION",
48,bitcoin,https://twitter.com/WSJ/status/727111399944630275,2016-05-02 12:24:01+00:00,727111399944630275,WSJ,Craig Wright claims he is the Bitcoin inventor Satoshi Nakamoto https://t.co/20cLsWkzkU,87,craig wright claims bitcoin inventor satoshi nakamoto ,0.0,0.0,3,54,22,-0.30000001192092896,0.30000001192092896,en,"OTHER,PERSON,NUMBER",
49,bitcoin,https://twitter.com/FT/status/727128016711737344,2016-05-02 13:30:03+00:00,727128016711737344,FT,Why did Craig Wright reveal himself as the creator or bitcoin? Is it because he wants a Nobel prize? https://t.co/wfbzXnghAE,124,craig wright reveal creator bitcoin wants nobel prize ,0.2,0.1,4,54,183,-0.10000000149011612,1.100000023841858,en,"OTHER,PERSON,ORGANIZATION",/Finance/Investing
50,bitcoin,https://twitter.com/FT/status/727178371378102272,2016-05-02 16:50:08+00:00,727178371378102272,FT,Why did Craig Wright reveal himself as the creator or bitcoin? Is it because he wants a Nobel prize? https://t.co/wBjuTIafJ0,124,craig wright reveal creator bitcoin wants nobel prize ,0.2,0.1,4,54,182,-0.10000000149011612,1.100000023841858,en,"OTHER,PERSON,ORGANIZATION",/Finance/Investing
51,bitcoin,https://twitter.com/nytimes/status/727179618361466881,2016-05-02 16:55:06+00:00,727179618361466881,nytimes,"He says he invented Bitcoin, but not everyone is convinced https://t.co/7WWzCTYVmY https://t.co/cnKExZycXu",106,says invented bitcoin everyone convinced  ,0.0,0.0,3,42,140,-0.5,0.5,en,"OTHER,PERSON,NUMBER",
52,bitcoin,https://twitter.com/business/status/727198524295798784,2016-05-02 18:10:13+00:00,727198524295798784,business,Bitcoin's outlook is sunny as its creator emerges from the shadows https://t.co/KB3wwRMwXE https://t.co/rrlYbRwFx8,114,bitcoins outlook sunny creator emerges shadows  ,0.0,0.0,3,48,117,-0.10000000149011612,0.10000000149011612,en,"OTHER,PERSON",
53,bitcoin,https://twitter.com/WSJ/status/727225402645729281,2016-05-02 19:57:01+00:00,727225402645729281,WSJ,"Australian businessman claims to be bitcoin inventor, Detroit teachers stage a ""sickout,"" and 3 more top stories https://t.co/NpKWhHCD81",136,australian businessman claims bitcoin inventor detroit teachers stage sickout  top stories ,0.25,0.25,4,91,21,-0.5,0.5,en,"PERSON,LOCATION,NUMBER,EVENT,WORK_OF_ART",/Finance/Investing/Currencies & Foreign Exchange
54,bitcoin,https://twitter.com/business/status/727251366637375492,2016-05-02 21:40:12+00:00,727251366637375492,business,Unmasking the creator of bitcoin reveals a potentially more important mystery https://t.co/kM6MHNdETG https://t.co/YapciucxBg,125,unmasking creator bitcoin reveals potentially important mystery  ,0.4,1.0,4,65,116,0.0,0.0,en,"OTHER,PERSON",
55,bitcoin,https://twitter.com/WSJ/status/727263667713130496,2016-05-02 22:29:04+00:00,727263667713130496,WSJ,"Australian businessman claims to be bitcoin inventor, Detroit teachers stage a ""sickout,"" and 3 more top stories https://t.co/n4kDj4Tzh4",136,australian businessman claims bitcoin inventor detroit teachers stage sickout  top stories ,0.25,0.25,4,91,20,-0.5,0.5,en,"PERSON,LOCATION,NUMBER,EVENT,WORK_OF_ART",/Finance/Investing/Currencies & Foreign Exchange
56,bitcoin,https://twitter.com/business/status/727264066805321728,2016-05-02 22:30:40+00:00,727264066805321728,business,"Craig Steven Wright, an Australian entrepreneur, outs himself as the creator of bitcoin https://t.co/PL6veQJ2dH https://t.co/ogTgQkHxlP",135,craig steven wright australian entrepreneur outs creator bitcoin  ,0.0,0.0,3,66,115,0.10000000149011612,0.10000000149011612,en,"OTHER,PERSON,LOCATION",
57,bitcoin,https://twitter.com/FT/status/727279039560425472,2016-05-02 23:30:09+00:00,727279039560425472,FT,Why should anyone care about the creator of bitcoin? Here's your guide:  https://t.co/pWVDH1XqTs https://t.co/DDvJWdT2So,120,anyone care creator bitcoin heres guide   ,0.0,0.0,3,42,181,-0.30000001192092896,0.699999988079071,en,"OTHER,PERSON",
58,bitcoin,https://twitter.com/FT/status/727301660817645569,2016-05-03 01:00:03+00:00,727301660817645569,FT,"Here is the latest bitcoin controversy, explained: https://t.co/Zr6ghA89vr https://t.co/717yEN8mfT",98,latest bitcoin controversy explained  ,0.5,0.9,5,38,180,-0.20000000298023224,0.20000000298023224,en,"OTHER,PRICE,NUMBER",
59,bitcoin,https://twitter.com/FT/status/727307676426854400,2016-05-03 01:23:57+00:00,727307676426854400,FT,Q&amp;A: Has bitcoin creator been revealed? https://t.co/ZXRmq7ykjG,67,qa bitcoin creator revealed ,0.0,0.0,3,28,179,0.10000000149011612,0.4000000059604645,en,"OTHER,PERSON",
60,bitcoin,https://twitter.com/CNN/status/727316121871892480,2016-05-03 01:57:30+00:00,727316121871892480,CNN,Is this man the elusive creator of #Bitcoin? https://t.co/MhpaPaH6rU https://t.co/m4rPQ2zUgs,92,man elusive creator   ,0.0,0.0,3,22,136,0.0,0.5,en,"OTHER,PERSON",
61,bitcoin,https://twitter.com/business/status/727376460122611712,2016-05-03 05:57:16+00:00,727376460122611712,business,Unmasking the creator of bitcoin reveals a potentially more important mystery https://t.co/kM6MHNdETG https://t.co/M0o5z9RGgC,125,unmasking creator bitcoin reveals potentially important mystery  ,0.4,1.0,4,65,114,0.0,0.0,en,"OTHER,PERSON",
62,bitcoin,https://twitter.com/business/status/727461095699582976,2016-05-03 11:33:35+00:00,727461095699582976,business,Bitcoin's outlook is sunny as its creator emerges from the shadows https://t.co/KB3wwRMwXE https://t.co/8PgHx1QhW6,114,bitcoins outlook sunny creator emerges shadows  ,0.0,0.0,3,48,113,-0.10000000149011612,0.10000000149011612,en,"OTHER,PERSON,NUMBER",
63,bitcoin,https://twitter.com/WSJ/status/727475314830495744,2016-05-03 12:30:05+00:00,727475314830495744,WSJ,"Is this the elusive founder of Bitcoin? 
On Snapchat https://t.co/xn4XcUvvKZ
WSJ https://t.co/TJ07bgoqIL https://t.co/uqHQPQvqYd",128,elusive founder bitcoin  snapchat  wsj  ,0.0,0.0,3,40,19,0.0,0.0,en,"OTHER,PERSON",
64,bitcoin,https://twitter.com/FT/status/727508035925626880,2016-05-03 14:40:06+00:00,727508035925626880,FT,"In Tuesday's #techFT, nanobot engines, FT Robot Week, bitcoin founder found? Sign up at https://t.co/YxbLH8o3Dd https://t.co/TGmRMewTjL",135,tuesdays  nanobot engines ft robot week bitcoin founder found sign  ,0.0,0.0,3,68,178,0.0,0.0,en,"OTHER,PERSON,EVENT",
65,bitcoin,https://twitter.com/WSJ/status/727754869013123072,2016-05-04 07:00:56+00:00,727754869013123072,WSJ,"Looking for proof that Craig Wright created bitcoin?
https://t.co/W1bjs2PccJ",76,looking proof craig wright created bitcoin ,0.0,0.0,3,43,18,0.10000000149011612,0.4000000059604645,en,"OTHER,PERSON",
66,bitcoin,https://twitter.com/business/status/728237884231266306,2016-05-05 15:00:16+00:00,728237884231266306,business,Bitcoin's self-proclaimed founder backtracks on promise to publish additional proof https://t.co/fZCjwdKbIi https://t.co/vZSHOHPaMD,131,bitcoins selfproclaimed founder backtracks promise publish additional proof  ,0.0,0.0,3,77,112,-0.30000001192092896,0.30000001192092896,en,"OTHER,PERSON",
67,bitcoin,https://twitter.com/FT/status/728279369626599428,2016-05-05 17:45:07+00:00,728279369626599428,FT,The mystery around who created Bitcoin has started up again https://t.co/nEkUD3eQei https://t.co/6Dab22i98P,107,mystery around created bitcoin started  ,0.0,0.0,3,40,177,0.10000000149011612,0.10000000149011612,en,"OTHER,NUMBER",
68,bitcoin,https://twitter.com/FT/status/728584026806685696,2016-05-06 13:55:43+00:00,728584026806685696,FT,"In Friday's #techFT , social robots, sorry bitcoin 'founder', Tesla iPhone moment. Signup at https://t.co/YxbLH8o3Dd https://t.co/MRNYctWVkQ",140,fridays   social robots sorry bitcoin founder tesla iphone moment signup  ,-0.23333333333333334,0.5333333333333333,2,74,176,0.0,0.4000000059604645,en,"OTHER,PERSON,ORGANIZATION,CONSUMER_GOOD",
69,bitcoin,https://twitter.com/FT/status/728698376347357184,2016-05-06 21:30:06+00:00,728698376347357184,FT,Inside bitcoin's latest identify crisis https://t.co/ang7Lt0Rjc? https://t.co/cYlSAsWOoW,88,inside bitcoins latest identify crisis  ,0.5,0.9,5,40,175,0.10000000149011612,0.4000000059604645,en,"OTHER,PRICE,EVENT",
70,bitcoin,https://twitter.com/FT/status/728741149809233920,2016-05-07 00:20:04+00:00,728741149809233920,FT,Craig Wright's claim to be bitcoin's Satoshi was missing one thing: cryptographic proof https://t.co/asT2FmDvOu? https://t.co/3oV1c94ZzA,136,craig wrights claim bitcoins satoshi missing one thing cryptographic proof  ,-0.2,0.05,2,76,174,0.0,0.6000000238418579,en,"OTHER,PERSON,NUMBER",
71,bitcoin,https://twitter.com/FT/status/729686213435621376,2016-05-09 14:55:24+00:00,729686213435621376,FT,"Just who is the founder of bitcoin anyway? https://t.co/CTxmsSIDuI
https://t.co/746Vhvc70Z",90,founder bitcoin anyway  ,0.0,0.0,3,24,173,0.10000000149011612,0.4000000059604645,en,"OTHER,PERSON,NUMBER",
72,bitcoin,https://twitter.com/business/status/731225052469989376,2016-05-13 20:50:12+00:00,731225052469989376,business,Are cryptocurrencies going mainstream? The Winklevoss twins on ether and bitcoin https://t.co/77dj2dadTU https://t.co/uqyDZiMqRo,128,cryptocurrencies going mainstream winklevoss twins ether bitcoin  ,0.0,0.0,3,66,111,0.0,0.10000000149011612,en,"OTHER,PERSON,NUMBER",
73,bitcoin,https://twitter.com/business/status/731850449494609920,2016-05-15 14:15:18+00:00,731850449494609920,business,Are cryptocurrencies going mainstream? The Winklevoss twins on ether and bitcoin https://t.co/77dj2dadTU https://t.co/InOAfOQjz8,128,cryptocurrencies going mainstream winklevoss twins ether bitcoin  ,0.0,0.0,3,66,110,0.0,0.10000000149011612,en,"OTHER,PERSON,NUMBER",
74,bitcoin,https://twitter.com/business/status/733404411351994368,2016-05-19 21:10:12+00:00,733404411351994368,business,Blockchain may soon surpass bitcoin in importance https://t.co/Y0uJvulOeU https://t.co/wQSGkttron,97,blockchain may soon surpass bitcoin importance  ,0.0,0.0,3,48,109,0.10000000149011612,0.10000000149011612,en,OTHER,
75,bitcoin,https://twitter.com/business/status/734557089889128448,2016-05-23 01:30:32+00:00,734557089889128448,business,Blockchain may soon surpass bitcoin in importance https://t.co/Y0uJvulOeU https://t.co/iku3lb1E09,97,blockchain may soon surpass bitcoin importance  ,0.0,0.0,3,48,108,0.10000000149011612,0.10000000149011612,en,OTHER,
76,bitcoin,https://twitter.com/business/status/734598500063805440,2016-05-23 04:15:05+00:00,734598500063805440,business,Banks explore Bitcoin-like solutions to avoid fraud in $4 trillion trade-financing industry https://t.co/gnR3T2cwwf https://t.co/EzmNaqIoUZ,139,banks explore bitcoinlike solutions avoid fraud  trillion tradefinancing industry  ,0.0,0.0,3,83,107,0.30000001192092896,0.30000001192092896,en,"OTHER,PRICE,NUMBER,ORGANIZATION",
77,bitcoin,https://twitter.com/WSJ/status/734772392468307969,2016-05-23 15:46:04+00:00,734772392468307969,WSJ,Bitcoin is gaining traction with modern-day gold bugs who question the stability of paper currencies https://t.co/co4XYt6dzf,124,bitcoin gaining traction modernday gold bugs question stability paper currencies ,0.0,0.0,3,81,17,0.0,0.0,en,OTHER,
78,bitcoin,https://twitter.com/business/status/734828857128329216,2016-05-23 19:30:26+00:00,734828857128329216,business,Here's one way to save the Winklevoss twins' bitcoin ETF dream https://t.co/TfV0ho2N9N https://t.co/5K93pZ554s,110,heres one way save winklevoss twins bitcoin etf dream  ,0.0,0.0,3,55,106,0.20000000298023224,0.20000000298023224,en,"OTHER,PERSON,NUMBER",
79,bitcoin,https://twitter.com/business/status/735173613964414976,2016-05-24 18:20:23+00:00,735173613964414976,business,Here's one way to save the Winklevoss twins' bitcoin ETF dream https://t.co/TfV0ho2N9N https://t.co/q1eUHnhZdn,110,heres one way save winklevoss twins bitcoin etf dream  ,0.0,0.0,3,55,105,0.20000000298023224,0.20000000298023224,en,"OTHER,PERSON,NUMBER",
80,bitcoin,https://twitter.com/business/status/737142759648301056,2016-05-30 04:45:04+00:00,737142759648301056,business,How an ex-Citi trader's bitcoin exchange skirts China's currency curbs https://t.co/CHUw9UE9XV https://t.co/uwi0wTnErJ,118,exciti traders bitcoin exchange skirts chinas currency curbs  ,0.0,0.0,3,62,104,-0.10000000149011612,0.10000000149011612,en,"EVENT,OTHER,PERSON,ORGANIZATION",
81,bitcoin,https://twitter.com/FT/status/737162634697543680,2016-05-30 06:04:02+00:00,737162634697543680,FT,Bitcoinâ€™s dollar value spikes after auction announced https://t.co/iO6lCXem4k,77,bitcoins dollar value spikes auction announced ,0.0,0.0,3,47,172,-0.20000000298023224,0.20000000298023224,en,"OTHER,EVENT",
82,bitcoin,https://twitter.com/business/status/737331576334372865,2016-05-30 17:15:21+00:00,737331576334372865,business,This former Citi trader found a way to allow the Chinese to bet on the future of bitcoin https://t.co/CHUw9UE9XV https://t.co/aNhY2sEZlv,136,former citi trader found way allow chinese bet future bitcoin  ,0.0,0.041666666666666664,3,63,103,0.30000001192092896,0.30000001192092896,en,"OTHER,PERSON,LOCATION,ORGANIZATION",/Finance/Investing/Currencies & Foreign Exchange
83,bitcoin,https://twitter.com/WSJ/status/737478776314048513,2016-05-31 03:00:16+00:00,737478776314048513,WSJ,"China buying sparks bitcoin surge
https://t.co/5mhPg06QAo https://t.co/IQI03i8ypS",81,china buying sparks bitcoin surge  ,0.0,0.0,3,35,16,-0.20000000298023224,0.20000000298023224,en,"OTHER,NUMBER,ORGANIZATION",
84,bitcoin,https://twitter.com/WSJ/status/739956040104607745,2016-06-06 23:04:02+00:00,739956040104607745,WSJ,"Bitcoin rallies, but lure grows more limited https://t.co/ARO0mi2tBt",68,bitcoin rallies lure grows limited ,-0.07142857142857142,0.14285714285714285,2,35,15,-0.4000000059604645,0.4000000059604645,en,"EVENT,OTHER",
85,bitcoin,https://twitter.com/WSJ/status/742627666948395008,2016-06-14 08:00:07+00:00,742627666948395008,WSJ,"Bitcoin price hits two-year high ahead of â€˜halvingâ€™
https://t.co/Y4Cw7YoKgy https://t.co/daXuSHAm5T",99,bitcoin price hits twoyear high ahead halving  ,0.16,0.5399999999999999,4,47,14,0.0,0.0,en,"OTHER,NUMBER",
86,bitcoin,https://twitter.com/WSJ/status/745107755300593670,2016-06-21 04:15:06+00:00,745107755300593670,WSJ,"A hack of Ether, a Bitcoin rival, shows the digital currency faces familiar pitfalls
https://t.co/kIrDGcInbS",108,hack ether bitcoin rival shows digital currency faces familiar pitfalls ,0.1875,0.25,4,72,13,-0.30000001192092896,0.30000001192092896,en,"OTHER,PERSON,ORGANIZATION",
87,bitcoin,https://twitter.com/FT/status/745397673994391552,2016-06-21 23:27:08+00:00,745397673994391552,FT,Regulators warn on risks posed by bitcoin https://t.co/2B6b2bNNft,65,regulators warn risks posed bitcoin ,0.0,0.0,3,36,171,0.0,0.0,en,"OTHER,PERSON,NUMBER",
88,bitcoin,https://twitter.com/business/status/746306936245784576,2016-06-24 11:40:13+00:00,746306936245784576,business,"Bitcoin was one of the few winners out of the U.K.â€™s vote to leave, surging as much as 13% https://t.co/b0TM62YTYS https://t.co/uHDgnv26FV",138,bitcoin one winners uks vote leave surging much   ,0.2,0.2,4,50,102,-0.20000000298023224,0.20000000298023224,en,"OTHER,PERSON,LOCATION,NUMBER",/Finance/Investing/Currencies & Foreign Exchange
89,bitcoin,https://twitter.com/WSJ/status/746400585801416706,2016-06-24 17:52:21+00:00,746400585801416706,WSJ,The Internal Revenue Service hasnâ€™t addressed many important tax matters affecting digital currencies like bitcoin https://t.co/aOePEevE5l,138,internal revenue service hasnt addressed many important tax matters affecting digital currencies like bitcoin ,0.225,0.375,4,110,12,-0.800000011920929,0.800000011920929,en,"OTHER,ORGANIZATION",
90,bitcoin,https://twitter.com/business/status/746470591360831488,2016-06-24 22:30:32+00:00,746470591360831488,business,"Bitcoin was one of the few winners out of the U.K.â€™s vote to leave, surging as much as 13% https://t.co/b0TM62YTYS https://t.co/18G4NYjie5",138,bitcoin one winners uks vote leave surging much   ,0.2,0.2,4,50,101,-0.20000000298023224,0.20000000298023224,en,"OTHER,PERSON,LOCATION,NUMBER",/Finance/Investing/Currencies & Foreign Exchange
91,bitcoin,https://twitter.com/nytimes/status/748607101992316928,2016-06-30 20:00:16+00:00,748607101992316928,nytimes,How a handful of Chinese companies took control of Bitcoin https://t.co/GcNboaPq2d https://t.co/KfDhzSRwyU,106,handful chinese companies took control bitcoin  ,0.0,0.0,3,48,139,0.0,0.0,en,"OTHER,PERSON,LOCATION,ORGANIZATION",
92,bitcoin,https://twitter.com/nytimes/status/749862673794359297,2016-07-04 07:09:27+00:00,749862673794359297,nytimes,How a handful of Chinese companies took control of Bitcoin https://t.co/jAPKOj9mZh https://t.co/3UkXITIP8X,106,handful chinese companies took control bitcoin  ,0.0,0.0,3,48,138,0.0,0.0,en,"OTHER,PERSON,LOCATION,NUMBER,ORGANIZATION",
93,bitcoin,https://twitter.com/business/status/750865698667323392,2016-07-07 01:35:07+00:00,750865698667323392,business,Why the fate of bitcoin depends on China's miners https://t.co/zEU68SrDA9 https://t.co/sAuqxHY5Eh,97,fate bitcoin depends chinas miners  ,0.0,0.0,3,36,100,-0.4000000059604645,0.4000000059604645,en,"OTHER,PERSON,LOCATION",
94,bitcoin,https://twitter.com/business/status/751002466716704768,2016-07-07 10:38:35+00:00,751002466716704768,business,"After a 4,400% surge, bitcoin's fate may hinge on big Chinese miners https://t.co/zEU68SrDA9 https://t.co/72c1gbt61z",116, surge bitcoins fate may hinge big chinese miners  ,0.0,0.05,3,51,99,-0.20000000298023224,0.20000000298023224,en,"OTHER,PERSON,LOCATION,NUMBER,EVENT",
95,bitcoin,https://twitter.com/business/status/751141304889901057,2016-07-07 19:50:17+00:00,751141304889901057,business,The fate of bitcoin depends on China's miners https://t.co/zEU68SrDA9 https://t.co/qdmiYlNnYR,93,fate bitcoin depends chinas miners  ,0.0,0.0,3,36,98,-0.10000000149011612,0.10000000149011612,en,"OTHER,PERSON,LOCATION",
96,bitcoin,https://twitter.com/business/status/751325789161947136,2016-07-08 08:03:21+00:00,751325789161947136,business,#Brexit is turning bitcoin into an unlikely haven https://t.co/YIWEXnSar1 https://t.co/ojBGlgWDPu,97, turning bitcoin unlikely  ,-0.5,0.5,1,27,97,-0.20000000298023224,0.20000000298023224,en,"OTHER,PERSON",
97,bitcoin,https://twitter.com/business/status/751615655921741824,2016-07-09 03:15:11+00:00,751615655921741824,business,"After a 4,400% surge, bitcoin's fate may hinge on big Chinese miners https://t.co/zEU68SrDA9 https://t.co/LJdU0rDerO",116, surge bitcoins fate may hinge big chinese miners  ,0.0,0.05,3,51,96,-0.20000000298023224,0.20000000298023224,en,"OTHER,PERSON,LOCATION,NUMBER,EVENT",
98,bitcoin,https://twitter.com/business/status/751632003636817920,2016-07-09 04:20:08+00:00,751632003636817920,business,#Brexit is turning bitcoin into an unlikely haven https://t.co/dkHWCyMs9s https://t.co/gRAg6T2Iy4,97, turning bitcoin unlikely  ,-0.5,0.5,1,27,95,-0.20000000298023224,0.20000000298023224,en,"OTHER,PERSON",
99,bitcoin,https://twitter.com/FT/status/752945641538592773,2016-07-12 19:20:04+00:00,752945641538592773,FT,The UK's decision to use bitcoin to pay welfare benefits to the unemployed and disabled has sparked privacy concerns https://t.co/vl3gGVD5XO,140,uks decision use bitcoin pay welfare benefits unemployed disabled sparked privacy concerns ,-0.2,0.3,2,91,170,-0.699999988079071,0.699999988079071,en,"OTHER,LOCATION",/Finance
100,bitcoin,https://twitter.com/business/status/760659400939999232,2016-08-03 02:11:48+00:00,760659400939999232,business,Bitcoin plunges after Hong Kong-based exchange discloses it was hacked https://t.co/ig4I8Z00mr https://t.co/S56sq4NG8X,118,bitcoin plunges hong kongbased exchange discloses hacked  ,0.0,0.0,3,58,94,-0.30000001192092896,0.30000001192092896,en,"OTHER,LOCATION,ORGANIZATION",
101,bitcoin,https://twitter.com/WSJ/status/760701751066591232,2016-08-03 05:00:05+00:00,760701751066591232,WSJ,"News of the Bitfinex hack hit the price of bitcoin hard in heavy trading
https://t.co/p7MlfSMQf1",96,news bitfinex hack hit price bitcoin hard heavy trading ,-0.24583333333333335,0.5208333333333333,2,56,11,-0.5,0.5,en,"OTHER,ORGANIZATION",
102,bitcoin,https://twitter.com/FT/status/760710294511443968,2016-08-03 05:34:02+00:00,760710294511443968,FT,Bitcoin plunges after Hong Kong hack https://t.co/enH5slefqJ,60,bitcoin plunges hong kong hack ,0.0,0.0,3,31,169,-0.10000000149011612,0.10000000149011612,en,"OTHER,LOCATION",
103,bitcoin,https://twitter.com/business/status/760720094297264128,2016-08-03 06:12:58+00:00,760720094297264128,business,Bitcoin slumps 5% against dollar after hackers steal $65 million of the digital currency https://t.co/jAQu0fl5Ww https://t.co/LHi2n8AX0D,136,bitcoin slumps  dollar hackers steal  million digital currency  ,0.0,0.0,3,64,93,-0.699999988079071,0.699999988079071,en,"OTHER,PERSON,PRICE,NUMBER",
104,bitcoin,https://twitter.com/FT/status/760736343521693696,2016-08-03 07:17:32+00:00,760736343521693696,FT,Morning London. This is currently our most read story: Bitcoin plunges after Hong Kong hack https://t.co/aXkt9sKysm https://t.co/BMKvHavL1o,139,morning london currently read story bitcoin plunges hong kong hack  ,0.0,0.4,3,68,168,0.20000000298023224,0.4000000059604645,en,"OTHER,WORK_OF_ART,LOCATION,ORGANIZATION",
105,bitcoin,https://twitter.com/nytimes/status/760767186424258560,2016-08-03 09:20:06+00:00,760767186424258560,nytimes,Millions' worth of Bitcoin were stolen in the hacking of an exchange based in Hong Kong https://t.co/7gRYVGRjsA https://t.co/ZxPkqdXEv6,135,millions worth bitcoin stolen hacking exchange based hong kong  ,0.3,0.1,4,64,137,-0.6000000238418579,0.6000000238418579,en,"OTHER,PERSON,LOCATION,NUMBER",
106,bitcoin,https://twitter.com/business/status/760770367753420800,2016-08-03 09:32:44+00:00,760770367753420800,business,$65 million of Bitcoin was stolen - but how does the digital currency work? Here's a guide https://t.co/i9HFHvOlTt https://t.co/uPnwpBtkgi,138, million bitcoin stolen  digital currency work heres guide  ,0.0,0.0,3,60,92,-0.20000000298023224,0.5,en,"OTHER,PRICE,NUMBER",/Finance/Investing/Currencies & Foreign Exchange
107,bitcoin,https://twitter.com/FT/status/760787600789557248,2016-08-03 10:41:13+00:00,760787600789557248,FT,"Watch Wednesdayâ€™s top stories: Obama says Trump is unfit to be president; ANC's election test and Bitcoin tumbles
https://t.co/niQ7qZhfMP",137,watch wednesdays top stories obama says trump unfit president ancs election test bitcoin tumbles ,0.5,0.5,5,97,167,-0.699999988079071,0.699999988079071,en,"OTHER,PERSON,WORK_OF_ART,ORGANIZATION",/News/Politics
108,bitcoin,https://twitter.com/WSJ/status/760813806578700288,2016-08-03 12:25:21+00:00,760813806578700288,WSJ,Bitcoin sinks after Bitfinex exchange reports hack resulting in the possible theft of $65 million https://t.co/8QajmCykHn,121,bitcoin sinks bitfinex exchange reports hack resulting possible theft  million ,-0.05,0.5,2,79,10,-0.699999988079071,0.699999988079071,en,"OTHER,PRICE,NUMBER,EVENT",
109,bitcoin,https://twitter.com/business/status/760819659335733248,2016-08-03 12:48:36+00:00,760819659335733248,business,"Bitcoin has dropped nearly 20% this week, unwinding Brexit rally https://t.co/waYGWG0HnY https://t.co/ZGfq9x8DAa",112,bitcoin dropped nearly  week unwinding brexit rally  ,0.1,0.4,4,53,91,-0.4000000059604645,0.4000000059604645,en,"OTHER,ORGANIZATION,NUMBER,EVENT",
110,bitcoin,https://twitter.com/FT/status/760872871497531394,2016-08-03 16:20:03+00:00,760872871497531394,FT,Yet another cyber security blow to bitcoin https://t.co/2bKsNDXo4B https://t.co/eXcekbFbQT,90,yet another cyber security blow bitcoin  ,0.0,0.0,3,41,166,-0.699999988079071,0.699999988079071,en,"OTHER,NUMBER",
111,bitcoin,https://twitter.com/FT/status/760935829510492160,2016-08-03 20:30:13+00:00,760935829510492160,FT,Bitcoin's response to its latest security breach is another sign of immaturity  https://t.co/0UJEuuLLx1,103,bitcoins response latest security breach another sign immaturity  ,0.5,0.9,5,66,165,-0.4000000059604645,0.4000000059604645,en,"OTHER,NUMBER,EVENT",
112,bitcoin,https://twitter.com/WSJ/status/761279305678749696,2016-08-04 19:15:05+00:00,761279305678749696,WSJ,Bitcoin price recovers in wake of massive hack and theft of $65 million from Hong Kong exchange https://t.co/6Ei08n3row,119,bitcoin price recovers wake massive hack theft  million hong kong exchange ,0.0,1.0,3,75,9,-0.30000001192092896,0.30000001192092896,en,"OTHER,LOCATION,NUMBER,EVENT,PRICE",
113,bitcoin,https://twitter.com/business/status/761465207776538624,2016-08-05 07:33:47+00:00,761465207776538624,business,Hacked Bitcoin exchange says it may spread the loss among its users https://t.co/4zJXCIxeDX https://t.co/29SqcY2YBt,115,hacked bitcoin exchange says may spread loss among users  ,0.0,0.0,3,58,90,-0.6000000238418579,0.6000000238418579,en,"OTHER,PERSON,NUMBER,ORGANIZATION",
114,bitcoin,https://twitter.com/business/status/761568340812959744,2016-08-05 14:23:36+00:00,761568340812959744,business,Hacked Bitcoin exchange says it may spread the loss among its users https://t.co/s5NPZQ7uO1 https://t.co/EyP6zfpRVt,115,hacked bitcoin exchange says may spread loss among users  ,0.0,0.0,3,58,89,-0.6000000238418579,0.6000000238418579,en,"OTHER,PERSON,ORGANIZATION",
115,bitcoin,https://twitter.com/FT/status/761598398860562432,2016-08-05 16:23:02+00:00,761598398860562432,FT,Will the victims of this week's bitcoin fraud be compensated? https://t.co/fs5bt93A6P https://t.co/rzO0S7OGQW,109,victims weeks bitcoin fraud compensated  ,0.0,0.0,3,41,164,-0.10000000149011612,0.8999999761581421,en,"OTHER,PERSON",
116,bitcoin,https://twitter.com/business/status/761740454333472768,2016-08-06 01:47:31+00:00,761740454333472768,business,Hacked Bitcoin exchange says it may spread the loss among its users https://t.co/r5uhikOoqI https://t.co/NNgFOQnOLk,115,hacked bitcoin exchange says may spread loss among users  ,0.0,0.0,3,58,88,-0.6000000238418579,0.6000000238418579,en,"OTHER,PERSON,ORGANIZATION",
117,bitcoin,https://twitter.com/business/status/762152348617760768,2016-08-07 05:04:14+00:00,762152348617760768,business,Users of hacked Bitcoin exchange Bitfinex will lose 36% of their deposits https://t.co/aT7VFgP9Aw https://t.co/dErHTWlzlG,121,users hacked bitcoin exchange bitfinex lose  deposits  ,0.0,0.0,3,55,87,-0.699999988079071,0.699999988079071,en,"OTHER,PERSON,NUMBER",
118,bitcoin,https://twitter.com/business/status/762257284827348992,2016-08-07 12:01:13+00:00,762257284827348992,business,Users of hacked Bitcoin exchange Bitfinex will lose 36% of their deposits https://t.co/eGLsXyVUqJ https://t.co/ulV2SXpqcs,121,users hacked bitcoin exchange bitfinex lose  deposits  ,0.0,0.0,3,55,86,-0.699999988079071,0.699999988079071,en,"OTHER,PERSON,NUMBER",
119,bitcoin,https://twitter.com/business/status/762436671098920960,2016-08-07 23:54:02+00:00,762436671098920960,business,Users of hacked Hong Kong bitcoin exchange Bitfinex will lose 36% of their deposits https://t.co/eGLsXyEj29 https://t.co/MA88v7mdgI,131,users hacked hong kong bitcoin exchange bitfinex lose  deposits  ,0.0,0.0,3,65,85,-0.699999988079071,0.699999988079071,en,"OTHER,PERSON,LOCATION,NUMBER",
120,bitcoin,https://twitter.com/business/status/762526730150092800,2016-08-08 05:51:54+00:00,762526730150092800,business,Bitcoin exchange that lost about $71 million to hackers is bringing its system back online https://t.co/hSZKz1l832 https://t.co/Cq8GMX2BMY,138,bitcoin exchange lost  million hackers bringing system back online  ,0.0,0.0,3,68,84,-0.699999988079071,0.699999988079071,en,"OTHER,PERSON,PRICE,NUMBER",
121,bitcoin,https://twitter.com/business/status/762528599547207680,2016-08-08 05:59:19+00:00,762528599547207680,business,All users of hacked Bitcoin exchange Bitfinex will lose 36% of their deposits https://t.co/NBwLqW4iOU https://t.co/FqFG9rQ3e6,125,users hacked bitcoin exchange bitfinex lose  deposits  ,0.0,0.0,3,55,83,-0.699999988079071,0.699999988079071,en,"OTHER,PERSON,NUMBER",
122,bitcoin,https://twitter.com/business/status/763902420594360320,2016-08-12 00:58:24+00:00,763902420594360320,business,How bitcoin traders making 700% returns lost millions in a hack attack https://t.co/Y5NsVRDy0t https://t.co/Lw2RNn2iLC,118,bitcoin traders making  returns lost millions hack attack  ,0.0,0.0,3,59,82,-0.4000000059604645,0.4000000059604645,en,"EVENT,OTHER,PERSON,NUMBER",
123,bitcoin,https://twitter.com/business/status/764009850942607360,2016-08-12 08:05:17+00:00,764009850942607360,business,Here's how bitcoin traders made 700% returns before losing millions in a hack attack https://t.co/w0DhVIoGdX https://t.co/PcD37W4viC,132,heres bitcoin traders made  returns losing millions hack attack  ,0.0,0.0,3,65,81,-0.20000000298023224,0.20000000298023224,en,"EVENT,OTHER,PERSON,NUMBER",
124,bitcoin,https://twitter.com/WSJ/status/764091665099296771,2016-08-12 13:30:23+00:00,764091665099296771,WSJ,Itâ€™s currency! Itâ€™s a commodity! Itâ€™sâ€¦ bitcoin! Questions remain about how to regulate the crypto-currency  https://t.co/ajOUxD7kHj ðŸ”“,133,currency commodity bitcoin questions remain regulate cryptocurrency   ,0.0,0.0,3,70,8,0.0,0.30000001192092896,en,OTHER,/Finance/Investing/Currencies & Foreign Exchange
125,bitcoin,https://twitter.com/business/status/764180389824954369,2016-08-12 19:22:57+00:00,764180389824954369,business,Here's how bitcoin traders made 700% returns before losing millions in a hack attack https://t.co/MumfbeBDjZ https://t.co/FOR4MuGomt,132,heres bitcoin traders made  returns losing millions hack attack  ,0.0,0.0,3,65,80,-0.20000000298023224,0.20000000298023224,en,"EVENT,OTHER,PERSON,NUMBER",
126,bitcoin,https://twitter.com/business/status/764257072653500416,2016-08-13 00:27:39+00:00,764257072653500416,business,Here's how bitcoin traders made 700% returns before losing millions in a hack attack https://t.co/x94ecuwlPU https://t.co/p3ImLbFff3,132,heres bitcoin traders made  returns losing millions hack attack  ,0.0,0.0,3,65,79,-0.20000000298023224,0.20000000298023224,en,"EVENT,OTHER,PERSON,NUMBER",
127,bitcoin,https://twitter.com/business/status/764961232730333185,2016-08-14 23:05:44+00:00,764961232730333185,business,Here's how bitcoin traders made 700% returns before losing millions in a hack attack https://t.co/LCkHTFWKru https://t.co/62UtkA7JKS,132,heres bitcoin traders made  returns losing millions hack attack  ,0.0,0.0,3,65,78,-0.20000000298023224,0.20000000298023224,en,"OTHER,PERSON,NUMBER",
128,bitcoin,https://twitter.com/business/status/766317687333060609,2016-08-18 16:55:48+00:00,766317687333060609,business,The man who introduced millions to bitcoin says blockchain is a bust https://t.co/KelDQ4sISk https://t.co/4aLsCp2ZtD,116,man introduced millions bitcoin says blockchain bust  ,0.0,0.0,3,54,77,-0.6000000238418579,0.6000000238418579,en,"OTHER,PERSON,NUMBER",
129,bitcoin,https://twitter.com/business/status/766417400178835456,2016-08-18 23:32:02+00:00,766417400178835456,business,The man who introduced millions to bitcoin says blockchain is a bust https://t.co/84xtgLPmsz https://t.co/i74bQymbwE,116,man introduced millions bitcoin says blockchain bust  ,0.0,0.0,3,54,76,-0.6000000238418579,0.6000000238418579,en,"OTHER,PERSON,NUMBER",
130,bitcoin,https://twitter.com/business/status/766531858960044032,2016-08-19 07:06:51+00:00,766531858960044032,business,The man who introduced millions to bitcoin says blockchain is a bust https://t.co/rtMOhgmPN7 https://t.co/eNKErmzMZS,116,man introduced millions bitcoin says blockchain bust  ,0.0,0.0,3,54,75,-0.6000000238418579,0.6000000238418579,en,"OTHER,PERSON",
131,bitcoin,https://twitter.com/business/status/767111908612771841,2016-08-20 21:31:45+00:00,767111908612771841,business,"The wretched, endless cycle of bitcoin hacks https://t.co/xsx7ACDx4h https://t.co/GdaPnHdHNJ",92,wretched endless cycle bitcoin hacks  ,-0.125,0.75,2,38,74,-0.30000001192092896,0.30000001192092896,en,OTHER,
132,bitcoin,https://twitter.com/business/status/767376688812556292,2016-08-21 15:03:54+00:00,767376688812556292,business,The man who introduced millions to bitcoin says blockchain is a bust https://t.co/UmFCY7CjP4 https://t.co/r02WH9N2uK,116,man introduced millions bitcoin says blockchain bust  ,0.0,0.0,3,54,73,-0.6000000238418579,0.6000000238418579,en,"OTHER,PERSON",
133,bitcoin,https://twitter.com/FT/status/768525833183096833,2016-08-24 19:10:11+00:00,768525833183096833,FT,Bitcoin was heralded as a way to upend capitalism. Now big banks are fighting back.  https://t.co/tE2wAtTP9w https://t.co/M00COdJjZp,132,bitcoin heralded way upend capitalism big banks fighting back   ,0.0,0.05,3,64,163,-0.10000000149011612,1.2000000476837158,en,"OTHER,ORGANIZATION",
134,bitcoin,https://twitter.com/FT/status/768596256142790656,2016-08-24 23:50:01+00:00,768596256142790656,FT,Bitcoin was heralded as a way to upend capitalism. Now big banks are fighting back.  https://t.co/GTSCAqAPpq https://t.co/5ECzxvB9a4,132,bitcoin heralded way upend capitalism big banks fighting back   ,0.0,0.05,3,64,162,-0.10000000149011612,1.2000000476837158,en,"OTHER,NUMBER,ORGANIZATION",
135,bitcoin,https://twitter.com/FT/status/768758339308322816,2016-08-25 10:34:05+00:00,768758339308322816,FT,Bitcoin was heralded as a way to upend capitalism. Now big banks are fighting back.  https://t.co/mRKLmLQxtf https://t.co/losAtFeUVA,132,bitcoin heralded way upend capitalism big banks fighting back   ,0.0,0.05,3,64,161,-0.10000000149011612,1.2000000476837158,en,"OTHER,ORGANIZATION",
136,bitcoin,https://twitter.com/FT/status/768885744295378944,2016-08-25 19:00:21+00:00,768885744295378944,FT,Bitcoin was heralded as a way to upend capitalism. Now big banks are fighting back.  https://t.co/gnCQpb33tI https://t.co/DOokEjIbi0,132,bitcoin heralded way upend capitalism big banks fighting back   ,0.0,0.05,3,64,160,-0.10000000149011612,1.2000000476837158,en,"OTHER,ORGANIZATION",
137,bitcoin,https://twitter.com/FT/status/768956136561270784,2016-08-25 23:40:04+00:00,768956136561270784,FT,Bitcoin was heralded as a way to upend capitalism. Now big banks are fighting back.  https://t.co/pbx939oXDf https://t.co/vg8oZMCYS9,132,bitcoin heralded way upend capitalism big banks fighting back   ,0.0,0.05,3,64,159,-0.10000000149011612,1.2000000476837158,en,"OTHER,ORGANIZATION",
138,bitcoin,https://twitter.com/FT/status/769107897250897920,2016-08-26 09:43:06+00:00,769107897250897920,FT,Bitcoin was heralded as a way to upend capitalism. Now big banks are fighting back.  https://t.co/CVcM3gjq5a https://t.co/wZv93jPDun,132,bitcoin heralded way upend capitalism big banks fighting back   ,0.0,0.05,3,64,158,-0.10000000149011612,1.2000000476837158,en,"OTHER,ORGANIZATION",
139,bitcoin,https://twitter.com/business/status/769108572491898880,2016-08-26 09:45:47+00:00,769108572491898880,business,"China's top search engine, Baidu, quietly removes advertising for bitcoin https://t.co/rlZtUbs5ll https://t.co/4sabDReVwf",121,chinas top search engine baidu quietly removes advertising bitcoin  ,0.25,0.41666666666666663,4,68,72,0.5,0.5,en,"OTHER,CONSUMER_GOOD,NUMBER,ORGANIZATION",
140,bitcoin,https://twitter.com/business/status/769320695704784897,2016-08-26 23:48:41+00:00,769320695704784897,business,"China's top search engine, Baidu, quietly removes advertising for bitcoin https://t.co/eEJ79XAFg5 https://t.co/yfPecK0VrQ",121,chinas top search engine baidu quietly removes advertising bitcoin  ,0.25,0.41666666666666663,4,68,71,0.5,0.5,en,"OTHER,CONSUMER_GOOD,ORGANIZATION",
141,bitcoin,https://twitter.com/business/status/770295166074781696,2016-08-29 16:20:53+00:00,770295166074781696,business,Forget bitcoin. Thereâ€™s a new digital currency that's surging  https://t.co/SGJ1XIRp9I https://t.co/Ba6o7TvEuJ,110,forget bitcoin theres new digital currency thats surging   ,0.06818181818181818,0.22727272727272727,4,59,70,-0.20000000298023224,0.5,en,OTHER,
142,bitcoin,https://twitter.com/business/status/770562172560744448,2016-08-30 10:01:52+00:00,770562172560744448,business,Forget bitcoin. Thereâ€™s a new digital currency that's surging  https://t.co/zG0cMhv7Te https://t.co/XzplyiiKbn,110,forget bitcoin theres new digital currency thats surging   ,0.06818181818181818,0.22727272727272727,4,59,69,-0.20000000298023224,0.5,en,OTHER,
143,bitcoin,https://twitter.com/business/status/771847387094605825,2016-09-02 23:08:51+00:00,771847387094605825,business,Forget bitcoin. Thereâ€™s a new digital currency that's surging  https://t.co/0ELjasXBS5 https://t.co/VQjiBEqale,110,forget bitcoin theres new digital currency thats surging   ,0.06818181818181818,0.22727272727272727,4,59,68,-0.20000000298023224,0.5,en,"OTHER,NUMBER",
144,bitcoin,https://twitter.com/business/status/772096937847820293,2016-09-03 15:40:29+00:00,772096937847820293,business,Forget bitcoin. Thereâ€™s a new digital currency that's surging  https://t.co/7UVPW8U6zD https://t.co/FfFv9hT0Xv,110,forget bitcoin theres new digital currency thats surging   ,0.06818181818181818,0.22727272727272727,4,59,67,-0.20000000298023224,0.5,en,"OTHER,NUMBER",
145,bitcoin,https://twitter.com/WSJ/status/773578444076621824,2016-09-07 17:47:28+00:00,773578444076621824,WSJ,Blockchain art exhibitions explore the Bitcoin technologyâ€™s future https://t.co/gNcVa10YEM ðŸ”“,92,blockchain art exhibitions explore bitcoin technologys future  ,0.0,0.125,3,63,7,0.20000000298023224,0.20000000298023224,en,"OTHER,EVENT",
146,bitcoin,https://twitter.com/business/status/775595056988381184,2016-09-13 07:20:46+00:00,775595056988381184,business,Bitcoin technology is starting to shake up the electricity business https://t.co/7TubFB1Y3D https://t.co/QptG3OdGQj,115,bitcoin technology starting shake electricity business  ,0.0,0.1,3,56,66,-0.800000011920929,0.800000011920929,en,"OTHER,NUMBER",
147,bitcoin,https://twitter.com/business/status/775668844207677440,2016-09-13 12:13:58+00:00,775668844207677440,business,Bitcoin technology is starting to shake up the electricity business https://t.co/2hojaVeSK4 https://t.co/q6uHYtcRvQ,115,bitcoin technology starting shake electricity business  ,0.0,0.1,3,56,65,-0.800000011920929,0.800000011920929,en,"OTHER,NUMBER",
148,bitcoin,https://twitter.com/FT/status/775698061964312576,2016-09-13 14:10:04+00:00,775698061964312576,FT,What do you think of bitcoin? We are hosting a blockchain debate on Wednesday. Share your questions and thoughts now https://t.co/r5DU7XHZyQ,140,think bitcoin hosting blockchain debate wednesday share questions thoughts ,0.0,0.0,3,75,157,0.0,0.0,en,OTHER,/Finance/Investing/Currencies & Foreign Exchange
149,bitcoin,https://twitter.com/FT/status/775780365004894208,2016-09-13 19:37:06+00:00,775780365004894208,FT,What do you think of bitcoin? We are hosting a blockchain debate on Wednesday. Share your questions and thoughts now https://t.co/IH5b9eMSXx,140,think bitcoin hosting blockchain debate wednesday share questions thoughts ,0.0,0.0,3,75,156,0.0,0.0,en,OTHER,/Finance/Investing/Currencies & Foreign Exchange
150,bitcoin,https://twitter.com/FT/status/775838872861339648,2016-09-13 23:29:36+00:00,775838872861339648,FT,What do you think of bitcoin? We are hosting a blockchain debate on Wednesday. Share your questions and thoughts now https://t.co/FGUVT5dlWl,140,think bitcoin hosting blockchain debate wednesday share questions thoughts ,0.0,0.0,3,75,155,0.0,0.0,en,OTHER,/Finance/Investing/Currencies & Foreign Exchange
151,bitcoin,https://twitter.com/business/status/775857870172721152,2016-09-14 00:45:05+00:00,775857870172721152,business,Bitcoin technology is starting to shake up the electricity business https://t.co/oAVWflV9hy https://t.co/WrV9ChSKFu,115,bitcoin technology starting shake electricity business  ,0.0,0.1,3,56,64,-0.800000011920929,0.800000011920929,en,OTHER,
152,bitcoin,https://twitter.com/FT/status/775967352521428992,2016-09-14 08:00:08+00:00,775967352521428992,FT,What do you think of bitcoin? We are hosting a blockchain debate on Wednesday. Share your questions and thoughts now https://t.co/IpdvwFgPyJ,140,think bitcoin hosting blockchain debate wednesday share questions thoughts ,0.0,0.0,3,75,154,0.0,0.0,en,OTHER,/Finance/Investing/Currencies & Foreign Exchange
153,bitcoin,https://twitter.com/FT/status/776005491587686400,2016-09-14 10:31:41+00:00,776005491587686400,FT,What do you think of bitcoin? We are hosting a blockchain debate in a little over an hour. Share your questions https://t.co/aLj1faDdfr,135,think bitcoin hosting blockchain debate little hour share questions ,-0.1875,0.5,2,68,153,0.0,0.20000000298023224,en,OTHER,/Finance/Investing/Currencies & Foreign Exchange
154,bitcoin,https://twitter.com/FT/status/776028695874138112,2016-09-14 12:03:53+00:00,776028695874138112,FT,"Follow our live debate on bitcoin, blockchain and the future of money https://t.co/MbF9WHS6WO https://t.co/rclQ8z8lBN",117,follow live debate bitcoin blockchain future money  ,0.06818181818181818,0.3125,4,52,152,0.0,0.0,en,OTHER,
155,bitcoin,https://twitter.com/FT/status/776040297075707904,2016-09-14 12:49:59+00:00,776040297075707904,FT,"Follow our live debate on blockchain, bitcoin and the future of money https://t.co/NKcQvQgNqm https://t.co/G5AJkyAOGT",117,follow live debate blockchain bitcoin future money  ,0.06818181818181818,0.3125,4,52,151,0.0,0.0,en,OTHER,
156,bitcoin,https://twitter.com/FT/status/776041610333282304,2016-09-14 12:55:12+00:00,776041610333282304,FT,Bitcoin and blockchain: the future of money or overhyped? Live debate here https://t.co/MyAylLKM55 https://t.co/yw1epwD5SG,122,bitcoin blockchain future money overhyped live debate  ,0.06818181818181818,0.3125,4,55,150,0.0,0.30000001192092896,en,OTHER,
157,bitcoin,https://twitter.com/FT/status/777978092610588672,2016-09-19 21:10:06+00:00,777978092610588672,FT,There's a move to make bitcoin technology commercially viable. But it could threaten one of its founding principles. https://t.co/Afyg3xbnfM,140,theres move make bitcoin technology commercially viable could threaten one founding principles ,0.0,0.0,3,95,149,-0.10000000149011612,1.100000023841858,en,"OTHER,NUMBER",/Finance/Investing/Currencies & Foreign Exchange
158,bitcoin,https://twitter.com/FT/status/778033455548473344,2016-09-20 00:50:05+00:00,778033455548473344,FT,There's a move to make bitcoin technology commercially viable. But it could threaten one of its founding principles. https://t.co/h3Y8KCW0G1,140,theres move make bitcoin technology commercially viable could threaten one founding principles ,0.0,0.0,3,95,148,-0.10000000149011612,1.100000023841858,en,"OTHER,NUMBER",/Finance/Investing/Currencies & Foreign Exchange
159,bitcoin,https://twitter.com/business/status/778599442597412865,2016-09-21 14:19:07+00:00,778599442597412865,business,Winklevossâ€™s Gemini introduces a daily bitcoin auction https://t.co/ZoMcYGAYMt https://t.co/4Db43PzbxG,102,winklevosss gemini introduces daily bitcoin auction  ,0.0,0.0,3,53,63,0.0,0.0,en,"OTHER,PERSON,NUMBER,ORGANIZATION",
160,bitcoin,https://twitter.com/business/status/778768559644241920,2016-09-22 01:31:08+00:00,778768559644241920,business,Winklevossâ€™s Gemini introduces a daily bitcoin auction https://t.co/Yj1blfxl4a https://t.co/M9QK9IIgiZ,102,winklevosss gemini introduces daily bitcoin auction  ,0.0,0.0,3,53,62,0.0,0.0,en,"OTHER,PERSON,ORGANIZATION",
161,bitcoin,https://twitter.com/FT/status/779324711029338112,2016-09-23 14:21:04+00:00,779324711029338112,FT,Bitcoin and blockchain: is this the future of money or just hype? Here's our response to reader questions: https://t.co/ihOBYexDJh https://t.co/F516UP5jGo,154,bitcoin blockchain future money hype heres response reader questions  ,0.0,0.125,3,70,147,-0.10000000149011612,0.20000000298023224,en,OTHER,/Finance/Investing/Currencies & Foreign Exchange
162,bitcoin,https://twitter.com/WSJ/status/780685926351667200,2016-09-27 08:30:03+00:00,780685926351667200,WSJ,"Bitcoin-inspired ledger technology is taking its first steps in foreign-exchange markets
https://t.co/dUNaNx7U8w ðŸ”“",114,bitcoininspired ledger technology taking first steps foreignexchange markets  ,0.25,0.3333333333333333,4,78,6,0.30000001192092896,0.30000001192092896,en,OTHER,
163,bitcoin,https://twitter.com/WSJ/status/783104384808910848,2016-10-04 00:40:09+00:00,783104384808910848,WSJ,J.P. Morgan is working on a new twist on the technology behind bitcoin https://t.co/lXeSWhX9mN ðŸ”“,96,jp morgan working new twist technology behind bitcoin  ,-0.13181818181818183,0.5772727272727273,2,55,5,0.10000000149011612,0.10000000149011612,en,"OTHER,PERSON",
164,bitcoin,https://twitter.com/business/status/783291599522500608,2016-10-04 13:04:04+00:00,783291599522500608,business,Bill Gross says bitcoin may counter central banks https://t.co/Yvh999ac4h https://t.co/2ZdqdvPeU7,97,bill gross says bitcoin may counter central banks  ,0.0,0.125,3,51,61,-0.10000000149011612,0.10000000149011612,en,"OTHER,PERSON,NUMBER,ORGANIZATION",
165,bitcoin,https://twitter.com/WSJ/status/788520077758955520,2016-10-18 23:20:11+00:00,788520077758955520,WSJ,Winklevoss brothers choose State Street to help launch bitcoin ETF https://t.co/jq4YgB76SE ðŸ”“,92,winklevoss brothers choose state street help launch bitcoin etf  ,0.0,0.0,3,65,4,0.10000000149011612,0.10000000149011612,en,"OTHER,PERSON,ORGANIZATION",
166,bitcoin,https://twitter.com/business/status/790538404924649472,2016-10-24 13:00:17+00:00,790538404924649472,business,Bitcoin hits a 3-month high as yuan extends a 6-year low https://t.co/tqduFqmlXL https://t.co/DblSb4liq5,104,bitcoin hits month high yuan extends year low  ,0.08,0.41999999999999993,4,47,60,0.0,0.0,en,"OTHER,NUMBER",
167,bitcoin,https://twitter.com/business/status/791326807123431425,2016-10-26 17:13:07+00:00,791326807123431425,business,Bitcoin probe tied to JPMorgan hack to get first guilty plea https://t.co/S2M1WpRotG https://t.co/3nj5D6K9vO,108,bitcoin probe tied jpmorgan hack get first guilty plea  ,-0.125,0.6666666666666666,2,56,59,0.0,0.0,en,"OTHER,NUMBER,ORGANIZATION",
168,bitcoin,https://twitter.com/business/status/791619723138064387,2016-10-27 12:37:04+00:00,791619723138064387,business,Scotland may soon gets its own stock exchange using the technology that drives bitcoin https://t.co/tQSp6HOsNq https://t.co/EN4XnJW5WG,134,scotland may soon gets stock exchange using technology drives bitcoin  ,0.0,0.0,3,71,58,0.0,0.0,en,"OTHER,LOCATION",
169,bitcoin,https://twitter.com/business/status/791888579966464000,2016-10-28 06:25:24+00:00,791888579966464000,business,"- Asia steady
- Bond selloff
- Stimulus talk
- GDP figures
- Oil below $50
- Bitcoin surges

https://t.co/D9Wi4pzBSk https://t.co/RpCbXgjf7K",140, asia steady  bond selloff  stimulus talk  gdp figures  oil   bitcoin surges   ,0.16666666666666666,0.5,4,79,57,0.10000000149011612,0.30000001192092896,en,"OTHER,CONSUMER_GOOD,LOCATION,NUMBER,PRICE","/News,/Finance/Investing/Currencies & Foreign Exchange,/Business & Industrial"
170,bitcoin,https://twitter.com/business/status/791922705532588032,2016-10-28 08:41:00+00:00,791922705532588032,business,Bitcoin heads for its best week since June as the declining yuan boosts demand https://t.co/gdTjLaoSt2 https://t.co/uJxEJ86lXB,126,bitcoin heads best week since june declining yuan boosts demand  ,1.0,0.3,5,65,56,-0.20000000298023224,0.20000000298023224,en,OTHER,
171,bitcoin,https://twitter.com/business/status/791978842613243904,2016-10-28 12:24:04+00:00,791978842613243904,business,Bitcoin heads for its best week since June as the declining yuan boosts demand https://t.co/K9s3ojm0Yw https://t.co/wsE3cjBNEJ,126,bitcoin heads best week since june declining yuan boosts demand  ,1.0,0.3,5,65,55,-0.20000000298023224,0.20000000298023224,en,OTHER,
172,bitcoin,https://twitter.com/business/status/794403410804088833,2016-11-04 04:58:27+00:00,794403410804088833,business,Why buy Bitcoin? https://t.co/vMbWmKE9M3 https://t.co/43Kd8F0oUl,64,buy bitcoin  ,0.0,0.0,3,13,54,0.0,0.5,en,"CONSUMER_GOOD,OTHER,NUMBER",
173,bitcoin,https://twitter.com/WSJ/status/794483261837864964,2016-11-04 10:15:45+00:00,794483261837864964,WSJ,Chinese investors looking for a refuge from the weakening yuan are turning to bitcoin https://t.co/uBAEjUrQ41 ðŸ”“,111,chinese investors looking refuge weakening yuan turning bitcoin  ,0.0,0.0,3,65,3,-0.5,0.5,en,"OTHER,PERSON,LOCATION",
174,bitcoin,https://twitter.com/WSJ/status/800684950928265217,2016-11-21 12:59:02+00:00,800684950928265217,WSJ,"Goldman Sachs drops out of R3, a blockchain group founded in 2014 to underpin the system that trades bitcoin https://t.co/1YvEt62eLW ðŸ”“",134,goldman sachs drops r blockchain group founded  underpin system trades bitcoin  ,0.0,0.0,3,80,2,-0.10000000149011612,0.10000000149011612,en,"OTHER,DATE,NUMBER,ORGANIZATION","/Business & Industrial/Business Finance,/Finance/Investing"
175,bitcoin,https://twitter.com/business/status/803261893314019328,2016-11-28 15:38:53+00:00,803261893314019328,business,There's more to cryptocurrency than just Bitcoin https://t.co/yBeeKUV81h https://t.co/JTeAalJobF,96,theres cryptocurrency bitcoin  ,0.0,0.0,3,31,53,0.4000000059604645,0.4000000059604645,en,OTHER,
176,bitcoin,https://twitter.com/CNN/status/804338012431720448,2016-12-01 14:55:00+00:00,804338012431720448,CNN,Federal investigators are looking for tax evaders who have used virtual currencies like bitcoin to dodge the IRS https://t.co/C64ipxBcfE,136,federal investigators looking tax evaders used virtual currencies like bitcoin dodge irs ,0.0,0.0,3,89,135,-0.30000001192092896,0.30000001192092896,en,"OTHER,PERSON,ORGANIZATION",
177,bitcoin,https://twitter.com/WSJ/status/806444916566097921,2016-12-07 10:27:05+00:00,806444916566097921,WSJ,Bitcoin powerhouse Circle Internet Financial will no longer offer customers the ability to buy and sell bitcoins https://t.co/QZr8f2QFwR,136,bitcoin powerhouse circle internet financial longer offer customers ability buy sell bitcoins ,0.0,0.0,3,94,1,-0.800000011920929,0.800000011920929,en,"OTHER,PERSON",
178,bitcoin,https://twitter.com/business/status/808980936763305986,2016-12-14 10:24:20+00:00,808980936763305986,business,Forget bitcoin and mobile payments. Cash still rules the world https://t.co/7fs6n0RYOS https://t.co/F2YBbnk0DJ,110,forget bitcoin mobile payments cash still rules world  ,0.0,0.0,3,55,52,-0.10000000149011612,0.30000001192092896,en,"OTHER,LOCATION,NUMBER",
179,bitcoin,https://twitter.com/business/status/809157301307375619,2016-12-14 22:05:08+00:00,809157301307375619,business,Forget bitcoin and mobile payments. Cash still rules the world https://t.co/ng4ZrPwbvj https://t.co/v6yKzw3NFL,110,forget bitcoin mobile payments cash still rules world  ,0.0,0.0,3,55,51,-0.10000000149011612,0.30000001192092896,en,"OTHER,LOCATION",
180,bitcoin,https://twitter.com/business/status/809720898995519488,2016-12-16 11:24:40+00:00,809720898995519488,business,Bitcoinâ€™s rally crushed every other currency in 2016. Hereâ€™s why https://t.co/nKwQFm6BGG https://t.co/l0cqwd3Cyn,112,bitcoins rally crushed every currency  heres  ,-0.1,0.1,2,46,50,-0.5,1.0,en,"OTHER,DATE,NUMBER,EVENT",
181,bitcoin,https://twitter.com/business/status/809785409039429632,2016-12-16 15:41:01+00:00,809785409039429632,business,Bitcoin's rally crushed every other currency in 2016 https://t.co/aW37BeQoe8 https://t.co/RrESWvsgRC,100,bitcoins rally crushed every currency   ,-0.1,0.1,2,40,49,-0.6000000238418579,0.6000000238418579,en,"OTHER,DATE,NUMBER,EVENT",
182,bitcoin,https://twitter.com/business/status/809949875328663557,2016-12-17 02:34:33+00:00,809949875328663557,business,Bitcoin's rally crushed every other currency in 2016 https://t.co/l9uVncZHFi https://t.co/ShrEERaf2d,100,bitcoins rally crushed every currency   ,-0.1,0.1,2,40,48,-0.6000000238418579,0.6000000238418579,en,"OTHER,DATE,NUMBER,EVENT",
183,bitcoin,https://twitter.com/business/status/810405292919889920,2016-12-18 08:44:13+00:00,810405292919889920,business,Bitcoin's rally crushed every other currency in 2016 https://t.co/lqvOZw7Hxg https://t.co/YEMjbTYKlG,100,bitcoins rally crushed every currency   ,-0.1,0.1,2,40,47,-0.6000000238418579,0.6000000238418579,en,"OTHER,DATE,NUMBER,EVENT",
184,bitcoin,https://twitter.com/business/status/810596547406733312,2016-12-18 21:24:11+00:00,810596547406733312,business,Forget bitcoin and mobile payments. Cash still rules the world https://t.co/3iBwYJk55S https://t.co/MVvbc8AUVj,110,forget bitcoin mobile payments cash still rules world  ,0.0,0.0,3,55,46,-0.10000000149011612,0.30000001192092896,en,"OTHER,LOCATION,NUMBER",
185,bitcoin,https://twitter.com/business/status/810680583483518976,2016-12-19 02:58:07+00:00,810680583483518976,business,Bitcoin's rally crushed every other currency in 2016 https://t.co/OaqXm05VMf https://t.co/zcbGTQYnT3,100,bitcoins rally crushed every currency   ,-0.1,0.1,2,40,45,-0.6000000238418579,0.6000000238418579,en,"OTHER,DATE,NUMBER,EVENT",
186,bitcoin,https://twitter.com/Investingcom/status/811893808099184640,2016-12-22 11:19:02+00:00,811893808099184640,Investingcom,"#Bitcoin, the web-based digital currency, hit its highest levels since January 2014 on Thursday - https://t.co/rl0jmF8Hmf",121, webbased digital currency hit highest levels since january  thursday  ,0.0,0.0,3,71,132,0.20000000298023224,0.20000000298023224,en,"OTHER,DATE,NUMBER",/Finance/Investing/Currencies & Foreign Exchange
187,bitcoin,https://twitter.com/business/status/812209199677587456,2016-12-23 08:12:17+00:00,812209199677587456,business,"Bitcoin jumps above $900, its highest value in nearly 3 years https://t.co/ThQtI8PoP3 https://t.co/ewTJKY3Vbg",109,bitcoin jumps  highest value nearly  years  ,0.1,0.4,4,44,44,0.5,0.5,en,"OTHER,PRICE,NUMBER",
188,bitcoin,https://twitter.com/business/status/812287173785505792,2016-12-23 13:22:08+00:00,812287173785505792,business,"Bitcoin jumps above $900, its highest value in nearly 3 years https://t.co/qwrTmkT3Nx https://t.co/bJO6Xk9KL4",109,bitcoin jumps  highest value nearly  years  ,0.1,0.4,4,44,43,0.5,0.5,en,"OTHER,PRICE,NUMBER",
189,bitcoin,https://twitter.com/CNN/status/812289026753527808,2016-12-23 13:29:30+00:00,812289026753527808,CNN,Could bitcoin bring Africa closer to China? https://t.co/A07nekF6uT https://t.co/RlMB6MCLZq,91,could bitcoin bring africa closer china  ,0.0,0.0,3,41,134,0.10000000149011612,0.30000001192092896,en,"OTHER,LOCATION",
190,bitcoin,https://twitter.com/business/status/812469389798895616,2016-12-24 01:26:12+00:00,812469389798895616,business,Forget bitcoin and mobile payments. Cash still rules the world https://t.co/EYnhXTBqkR https://t.co/nOQkHpjmTK,110,forget bitcoin mobile payments cash still rules world  ,0.0,0.0,3,55,42,-0.10000000149011612,0.30000001192092896,en,"OTHER,LOCATION",
191,bitcoin,https://twitter.com/business/status/812494788570345474,2016-12-24 03:07:07+00:00,812494788570345474,business,The Philippines is considering bitcoin regulation as its use for remittances surges https://t.co/4N8q4EPQpQ https://t.co/YXksWh8bxn,131,philippines considering bitcoin regulation use remittances surges  ,0.0,0.0,3,67,41,-0.10000000149011612,0.10000000149011612,en,"OTHER,LOCATION,NUMBER",
192,bitcoin,https://twitter.com/CNN/status/813202677656158209,2016-12-26 02:00:01+00:00,813202677656158209,CNN,Could bitcoin bring Africa closer to China? https://t.co/B876zYNu6J https://t.co/eMLKAUT0n1,91,could bitcoin bring africa closer china  ,0.0,0.0,3,41,133,0.10000000149011612,0.30000001192092896,en,"OTHER,LOCATION",
193,bitcoin,https://twitter.com/Investingcom/status/813393769940844544,2016-12-26 14:39:21+00:00,813393769940844544,Investingcom,"#Bitcoin prices rise above $910, setting new high for 2016 - https://t.co/tkQzAkzTq9 https://t.co/99iHKY55Nr",108, prices rise  setting new high    ,0.1481818181818182,0.4972727272727272,4,34,131,-0.5,0.5,en,"OTHER,PRICE,NUMBER",
194,bitcoin,https://twitter.com/Investingcom/status/814125839025635329,2016-12-28 15:08:20+00:00,814125839025635329,Investingcom,"Which do you think will come first: #Bitcoin reaching $1,000 or the #Dow hitting 20K? https://t.co/nYJyJwi3H9 https://t.co/kJVfNqVLYg",133,think come first  reaching   hitting k  ,0.25,0.3333333333333333,4,40,130,0.0,0.4000000059604645,en,"OTHER,PRICE,NUMBER",/Finance/Investing/Currencies & Foreign Exchange
195,bitcoin,https://twitter.com/FT/status/814524398103314432,2016-12-29 17:32:04+00:00,814524398103314432,FT,Bitcoin is on a roll again. Yet even many of the digital currency's backers warn a correction is on the way https://t.co/rE4gLEaqfd https://t.co/Uzt2bxIVLZ,155,bitcoin roll yet even many digital currencys backers warn correction way  ,0.25,0.25,4,74,146,-0.20000000298023224,0.8999999761581421,en,"OTHER,PERSON",/Finance/Investing/Currencies & Foreign Exchange
196,bitcoin,https://twitter.com/business/status/814583887754043392,2016-12-29 21:28:27+00:00,814583887754043392,business,Forget bitcoin and mobile payments. Cash still rules the world https://t.co/67xRK8496m https://t.co/oMK4fKliES,110,forget bitcoin mobile payments cash still rules world  ,0.0,0.0,3,55,40,-0.10000000149011612,0.30000001192092896,en,"OTHER,LOCATION,NUMBER",
197,bitcoin,https://twitter.com/WSJ/status/814909039326986244,2016-12-30 19:00:29+00:00,814909039326986244,WSJ,"Bitcoin has trounced the Dow this year, 124% to 14% https://t.co/FWqOP9NxwP",75,bitcoin trounced dow year   ,0.0,0.0,3,28,0,0.0,0.0,en,"OTHER,NUMBER",
